{"cameraMode":{"drawMode":0,"name":"Shaded","section":"Shading Mode"},"sceneLighting":true,"audioPlay":false,"sceneViewState":{"m_AlwaysRefresh":false,"showFog":true,"showSkybox":true,"showFlares":true,"showImageEffects":true,"showParticleSystems":true,"showVisualEffectGraphs":true,"m_FxEnabled":true},"in2DMode":false,"pivot":{"x":-1.6228548288345338,"y":-0.9129533171653748,"z":5.249321460723877},"rotation":{"x":-0.33201050758361819,"y":-0.06624048948287964,"z":0.024186881259083749,"w":-0.9408032894134522},"size":4.534568786621094,"orthographic":false}